{
  "PerplexityFilter": {
    "Acc": 0.65,
    "Prec": 0.6153846153846154,
    "Rec": 0.8,
    "F1": 0.6956521739130435,
    "AUC": 0.735,
    "FPR": 0.5,
    "TN": 5,
    "FP": 5,
    "FN": 2,
    "TP": 8,
    "n_test": 20,
    "n_jb": 10,
    "n_benign": 10
  },
  "SemanticDrift": {
    "Acc": 0.5,
    "Prec": 0.5,
    "Rec": 1.0,
    "F1": 0.6666666666666666,
    "AUC": 0.5,
    "FPR": 1.0,
    "TN": 0,
    "FP": 10,
    "FN": 0,
    "TP": 10,
    "n_test": 20,
    "n_jb": 10,
    "n_benign": 10
  },
  "StructuralPattern": {
    "Acc": 0.65,
    "Prec": 1.0,
    "Rec": 0.3,
    "F1": 0.46153846153846156,
    "AUC": 0.65,
    "FPR": 0.0,
    "TN": 10,
    "FP": 0,
    "FN": 7,
    "TP": 3,
    "n_test": 20,
    "n_jb": 10,
    "n_benign": 10
  },
  "RephrasingStability": {
    "Acc": 0.5,
    "Prec": 0.5,
    "Rec": 0.6,
    "F1": 0.5454545454545454,
    "AUC": 0.6,
    "FPR": 0.6,
    "TN": 4,
    "FP": 6,
    "FN": 4,
    "TP": 6,
    "n_test": 20,
    "n_jb": 10,
    "n_benign": 10
  },
  "FullEnsemble": {
    "Acc": 0.6,
    "Prec": 0.5714285714285714,
    "Rec": 0.8,
    "F1": 0.6666666666666666,
    "AUC": 0.64,
    "FPR": 0.6,
    "TN": 4,
    "FP": 6,
    "FN": 2,
    "TP": 8,
    "n_test": 20,
    "n_jb": 10,
    "n_benign": 10
  },
  "AdaptiveRouting": {
    "Acc": 0.6,
    "Prec": 0.5714285714285714,
    "Rec": 0.8,
    "F1": 0.6666666666666666,
    "AUC": 0.76,
    "FPR": 0.6,
    "TN": 4,
    "FP": 6,
    "FN": 2,
    "TP": 8,
    "n_test": 20,
    "n_jb": 10,
    "n_benign": 10
  }
}
